№,Название игры,Время (ч),Время (м),Дата получения,Достижения,Время последнего запуска,Способ получения
1,007 First Light,"22,07","1324,00",?,19 из 37,2026-08-12 04:21,Платная
2,100% Orange Juice,"0,00","0,00",?,0 из 359,Никогда,Платная
3,200% Mixed Juice!,"0,00","0,00",?,0 из 23,Никогда,Платная
4,60 Seconds!,"1,25","75,00",?,13 из 56,2017-06-21 19:58,Платная
5,60 Seconds! Reatomized,"0,00","0,00",?,0 из 60,Никогда,Платная
6,A Plague Tale: Innocence,"5,98","359,00",?,5 из 35,2026-07-06 00:35,Платная
7,A Plague Tale: Requiem,"0,00","0,00",?,0 из 35,Никогда,Платная
8,Acceleration of SUGURI 2,"0,00","0,00",?,0 из 24,Никогда,Платная
9,ACE COMBAT™7: SKIES UNKNOWN,"0,00","0,00",?,0 из 49,Никогда,Платная
10,Airscape: The Fall of Gravity,"0,00","0,00",?,0 из 23,Никогда,Платная
11,Alan Wake,"0,00","0,00",?,0 из 67,Никогда,Платная
12,Alice: Madness Returns,"0,00","0,00",?,0 из 0,Никогда,Платная
13,Alien: Isolation,"11,45","687,00",?,7 из 50,2026-01-12 23:03,Платная
14,Apex Legends,"3,47","208,00",?,3 из 12,2026-08-04 01:15,Платная
15,Assassin's Creed Unity,"0,00","0,00",?,0 из 57,Никогда,Платная
16,Assetto Corsa,"4,08","245,00",?,3 из 709,2020-01-14 02:14,Платная
17,ASTRONEER,"0,63","38,00",?,1 из 56,2019-02-13 04:58,Платная
18,Baldur's Gate 3,"27,65","1659,00",?,4 из 54,2024-04-11 21:46,Платная
19,Batman: Arkham City GOTY,"10,62","637,00",?,7 из 64,2019-02-20 05:53,Платная
20,Batman™: Arkham Knight,"0,35","21,00",?,0 из 113,2017-12-20 04:31,Платная
21,Batman™: Arkham Origins,"0,00","0,00",?,0 из 60,Никогда,Платная
22,Battlefield: Bad Company™ 2,"0,73","44,00",?,0 из 0,2017-10-18 22:31,Платная
23,Battlefield™ 2042,"44,40","2664,00",?,13 из 34,2025-11-20 11:27,Платная
24,Bayonetta,"0,08","5,00",?,0 из 50,2018-07-24 02:06,Платная
25,Beholder,"0,00","0,00",?,0 из 60,Никогда,Платная
26,Between Two Castles - Digital Edition,"0,00","0,00",?,0 из 0,Никогда,Платная
27,Beyond: Two Souls,"0,00","0,00",?,0 из 45,Никогда,Платная
28,Binary Domain,"0,00","0,00",?,0 из 49,Никогда,Платная
29,BioShock 2,"0,00","0,00",?,0 из 68,Никогда,Платная
30,BioShock 2 Remastered,"4,42","265,00",?,11 из 53,2018-06-05 20:51,Платная
31,Black Desert,"0,00","0,00",?,0 из 0,Никогда,Платная
32,Black Desert (Retired),"0,00","0,00",?,0 из 0,Никогда,Платная
33,Black Mesa,"0,00","0,00",?,0 из 50,Никогда,Платная
34,Borderlands 2,"0,00","0,00",?,0 из 75,Никогда,Платная
35,Borderlands 2 RU,"0,00","0,00",?,0 из 69,Никогда,Платная
36,Borderlands GOTY,"5,62","337,00",?,15 из 80,2019-03-31 11:59,Платная
37,Borderlands GOTY Enhanced,"0,00","0,00",?,0 из 80,Никогда,Платная
38,Borderlands: The Pre-Sequel,"0,00","0,00",?,0 из 63,Никогда,Платная
39,Breathedge,"0,00","0,00",?,0 из 54,Никогда,Платная
40,Brütal Legend,"0,00","0,00",?,0 из 59,Никогда,Платная
41,Bully: Scholarship Edition,"0,00","0,00",?,0 из 0,Никогда,Платная
42,Burnout Paradise: The Ultimate Box,"0,00","0,00",?,0 из 0,Никогда,Платная
43,Call of Duty: Advanced Warfare,"7,62","457,00",?,15 из 45,2020-06-06 01:40,Платная
44,Call of Duty: Advanced Warfare - Multiplayer,"0,00","0,00",?,0 из 45,Никогда,Платная
45,Call of Duty®: Modern Warfare®,"0,00","0,00",?,0 из 27,Никогда,Платная
46,Call of Juarez Gunslinger,"0,00","0,00",?,0 из 26,Никогда,Платная
47,Castlevania: Lords of Shadow 2,"0,00","0,00",?,0 из 56,Никогда,Платная
48,Casual Penalty,"0,00","0,00",?,0 из 3346,Никогда,Платная
49,Cities: Skylines,"91,63","5498,00",?,19 из 135,2026-04-23 02:53,Платная
50,Clair Obscur: Expedition 33,"0,00","0,00",?,0 из 55,Никогда,Платная
51,Company of Heroes 2,"13,43","806,00",?,23 из 452,2021-09-20 04:33,Платная
52,Control Ultimate Edition,"29,95","1797,00",?,37 из 67,2026-01-06 20:18,Платная
53,Counter-Strike,"0,63","38,00",?,0 из 0,2019-01-19 01:16,Платная
54,Counter-Strike 2,"181,12","10867,00",?,1 из 1,2026-06-06 01:26,Платная
55,Counter-Strike: Condition Zero,"0,00","0,00",?,0 из 0,Никогда,Платная
56,Counter-Strike: Condition Zero Deleted Scenes,"0,00","0,00",?,0 из 0,Никогда,Платная
57,Counter-Strike: Source,"0,20","12,00",?,0 из 147,2019-02-13 04:08,Платная
58,Crime Boss: Rockay City,"0,00","0,00",?,0 из 45,Никогда,Платная
59,Crysis 2 Maximum Edition,"0,43","26,00",?,0 из 0,2019-08-21 21:58,Платная
60,Crysis 2 Remastered,"0,00","0,00",?,0 из 35,Никогда,Платная
61,Crysis 3 Remastered,"0,00","0,00",?,0 из 37,Никогда,Платная
62,Crysis Remastered,"0,00","0,00",?,0 из 40,Никогда,Платная
63,Dark Sector,"0,00","0,00",?,0 из 0,Никогда,Платная
64,DARK SOULS™ III,"9,10","546,00",?,3 из 43,2020-07-03 12:18,Платная
65,Darksiders,"0,00","0,00",?,0 из 43,Никогда,Платная
66,Darksiders II Deathinitive Edition,"0,00","0,00",?,0 из 50,Никогда,Платная
67,Darksiders III,"0,00","0,00",?,0 из 64,Никогда,Платная
68,Darksiders Warmastered Edition,"0,00","0,00",?,0 из 43,Никогда,Платная
69,Dead Island Definitive Edition,"7,03","422,00",?,5 из 57,2018-08-06 21:23,Платная
70,Dead Space,"112,05","6723,00",?,9 из 47,2025-12-06 18:13,Платная
71,Dead Space 2,"1,78","107,00",?,0 из 0,2019-01-23 20:20,Платная
72,Deathtrap,"0,00","0,00",?,0 из 47,Никогда,Платная
73,Deponia,"0,00","0,00",?,0 из 19,Никогда,Платная
74,Destiny 2,"1,38","83,00",?,1 из 23,2019-10-13 01:40,Платная
75,Detroit: Become Human,"0,00","0,00",?,0 из 48,Никогда,Платная
76,Deus Ex: Game of the Year Edition,"0,00","0,00",?,0 из 0,Никогда,Платная
77,Deus Ex: Human Revolution - Director's Cut,"1,73","104,00",?,2 из 59,2017-12-25 19:46,Платная
78,Deus Ex: Mankind Divided™,"3,07","184,00",?,0 из 81,2019-11-15 07:05,Платная
79,Devil May Cry 5,"4,75","285,00",?,7 из 55,2024-03-10 03:14,Платная
80,Dex,"0,75","45,00",?,0 из 32,2018-11-07 02:51,Платная
81,DiRT Rally,"15,02","901,00",?,13 из 170,2024-08-26 15:42,Платная
82,Disco Elysium,"19,05","1143,00",?,3 из 45,2025-11-02 19:50,Платная
83,Dishonored 2,"0,58","35,00",?,0 из 50,2018-10-13 00:53,Платная
84,Dishonored RHCP,"0,00","0,00",?,0 из 80,Никогда,Платная
85,Divinity: Original Sin (Classic),"0,00","0,00",?,0 из 63,Никогда,Платная
86,Divinity: Original Sin 2,"0,02","1,00",?,0 из 97,2019-05-05 16:56,Платная
87,Divinity: Original Sin Enhanced Edition,"3,18","191,00",?,0 из 54,2022-05-10 00:06,Платная
88,Doki Doki Literature Club,"3,48","209,00",?,0 из 0,2018-11-07 23:55,Платная
89,Dota 2,"33,05","1983,00",?,0 из 0,2019-05-11 00:32,Платная
90,Dying Light,"140,12","8407,00",?,52 из 78,2020-05-03 03:21,Платная
91,Dying Light 2: Reloaded Edition,"0,00","0,00",?,0 из 65,Никогда,Платная
92,Elite Dangerous,"347,08","20825,00",?,0 из 0,2026-01-06 21:58,Платная
93,ENDLESS Legend™,"0,00","0,00",?,0 из 139,Никогда,Платная
94,ENSLAVED™: Odyssey to the West™ Premium Edition,"1,72","103,00",?,1 из 58,2018-10-02 12:10,Платная
95,EVERSPACE™,"0,00","0,00",?,0 из 33,Никогда,Платная
96,F.E.A.R.,"0,62","37,00",?,0 из 0,2020-06-03 22:52,Платная
97,F.E.A.R. 2: Project Origin,"0,00","0,00",?,0 из 0,Никогда,Платная
98,F.E.A.R. 3,"0,00","0,00",?,0 из 50,Никогда,Платная
99,F.E.A.R.: Extraction Point,"0,00","0,00",?,0 из 0,Никогда,Платная
100,F.E.A.R.: Perseus Mandate,"0,00","0,00",?,0 из 0,Никогда,Платная
101,F1 2018,"3,60","216,00",?,1 из 50,2024-06-04 02:04,Платная
102,Fahrenheit: Indigo Prophecy Remastered,"2,25","135,00",?,1 из 17,2020-08-31 00:10,Платная
103,Fallout,"0,00","0,00",?,0 из 0,Никогда,Платная
104,Fallout: New Vegas PCR,"0,00","0,00",?,0 из 75,Никогда,Платная
105,Far Cry® 3,"4,30","258,00",?,0 из 44,2019-03-26 01:40,Платная
106,FINAL FANTASY XIII,"0,67","40,00",?,1 из 35,2019-06-03 00:58,Платная
107,Forza Horizon 5,"24,07","1444,00",?,16 из 164,2025-05-19 22:05,Платная
108,FPS Monitor,"30,83","1850,00",?,0 из 0,2023-09-08 23:01,Платная
109,Frostpunk,"17,18","1031,00",?,12 из 115,2020-05-23 20:13,Платная
110,GET EVEN,"0,00","0,00",?,0 из 40,Никогда,Платная
111,Grand Theft Auto III,"0,00","0,00",?,0 из 0,Никогда,Платная
112,Grand Theft Auto III,"0,00","0,00",?,0 из 0,Никогда,Платная
113,Grand Theft Auto IV: The Complete Edition,"2,23","134,00",?,1 из 55,2024-10-30 02:00,Платная
114,Grand Theft Auto: San Andreas,"0,00","0,00",?,0 из 0,Никогда,Платная
115,Grand Theft Auto: San Andreas,"0,00","0,00",?,0 из 0,Никогда,Платная
116,Grand Theft Auto: Vice City,"0,00","0,00",?,0 из 0,Никогда,Платная
117,Grand Theft Auto: Vice City,"0,00","0,00",?,0 из 0,Никогда,Платная
118,Graveyard Keeper,"0,00","0,00",?,0 из 125,Никогда,Платная
119,GRID 2,"2,12","127,00",?,7 из 60,2020-01-29 03:42,Платная
120,Half-Life,"0,00","0,00",?,0 из 0,Никогда,Платная
121,Half-Life 2,"0,00","0,00",?,0 из 69,Никогда,Платная
122,Half-Life 2: Deathmatch,"0,00","0,00",?,0 из 0,Никогда,Платная
123,Half-Life Deathmatch: Source,"0,00","0,00",?,0 из 0,Никогда,Платная
124,Hatred,"2,15","129,00",?,0 из 74,2026-04-01 01:55,Платная
125,Heavy Rain,"0,00","0,00",?,0 из 56,Никогда,Платная
126,Hellblade: Senua's Sacrifice,"14,73","884,00",?,13 из 14,2017-09-24 07:24,Платная
127,Hellblade: Senua's Sacrifice VR Edition,"0,00","0,00",?,0 из 14,Никогда,Платная
128,HITMAN World of Assassination,"0,00","0,00",?,0 из 83,Никогда,Платная
129,Hitman: Absolution,"6,70","402,00",?,14 из 47,2019-08-04 15:25,Платная
130,Hitman: Sniper Challenge,"1,95","117,00",?,0 из 0,2018-10-21 06:55,Платная
131,HITMAN™ 2,"0,00","0,00",?,0 из 146,Никогда,Платная
132,Hollow Knight: Silksong,"0,00","0,00",?,0 из 52,Никогда,Платная
133,Homefront,"0,00","0,00",?,0 из 47,Никогда,Платная
134,Horizon Zero Dawn™ Complete Edition,"10,35","621,00",?,11 из 79,2026-01-26 02:18,Платная
135,House Flipper,"1,75","105,00",?,1 из 96,2026-04-08 22:58,Платная
136,Hunt: Showdown 1896,"1,47","88,00",?,0 из 36,2019-05-01 05:09,Платная
137,Hunt: Showdown 1896 (Test Server),"0,00","0,00",?,0 из 8,Никогда,Платная
138,I Am Bread,"0,00","0,00",?,0 из 35,Никогда,Платная
139,Initial Drift Online,"0,00","0,00",?,0 из 36,Никогда,Платная
140,Interkosmos,"0,00","0,00",?,0 из 17,Никогда,Платная
141,Intravenous,"0,00","0,00",?,0 из 45,Никогда,Платная
142,Islands of Insight,"0,00","0,00",?,0 из 0,Никогда,Платная
143,Jotun: Valhalla Edition,"0,28","17,00",?,0 из 36,2017-07-16 19:55,Платная
144,Just Cause 2,"0,00","0,00",?,0 из 50,Никогда,Платная
145,Just Cause 3,"0,77","46,00",?,2 из 66,2019-10-14 00:53,Платная
146,Katana ZERO,"0,00","0,00",?,0 из 22,Никогда,Платная
147,Killer is Dead,"0,00","0,00",?,0 из 48,Никогда,Платная
148,Kingdom Come: Deliverance,"0,00","0,00",?,0 из 82,Никогда,Платная
149,Kingdom Come: Deliverance II,"0,00","0,00",?,0 из 83,Никогда,Платная
150,Layers of Fear (2016),"0,00","0,00",?,0 из 27,Никогда,Платная
151,Left 4 Dead 2,"0,00","0,00",?,0 из 101,Никогда,Платная
152,Little Nightmares II,"0,00","0,00",?,0 из 35,Никогда,Платная
153,Lords Of The Fallen,"0,00","0,00",?,0 из 56,Никогда,Платная
154,Mad Max,"0,52","31,00",?,0 из 49,2024-08-29 02:40,Платная
155,Marvel's Guardians of the Galaxy,"1,42","85,00",?,0 из 59,2026-05-13 01:11,Платная
156,Material Girl,"0,00","0,00",?,0 из 0,Никогда,Платная
157,Max Payne 3,"0,03","2,00",?,0 из 67,2019-10-13 18:01,Платная
158,METAL GEAR SOLID V: GROUND ZEROES,"0,00","0,00",?,0 из 16,Никогда,Платная
159,METAL GEAR SOLID V: THE PHANTOM PAIN,"3,90","234,00",?,2 из 42,2018-10-03 22:14,Платная
160,METAL SLUG,"0,00","0,00",?,0 из 15,Никогда,Платная
161,METAL SLUG 2,"0,00","0,00",?,0 из 15,Никогда,Платная
162,METAL SLUG 3,"0,20","12,00",?,2 из 30,2024-11-24 01:56,Платная
163,METAL SLUG X,"0,00","0,00",?,0 из 15,Никогда,Платная
164,Metro 2033 Redux,"14,15","849,00",?,16 из 49,2019-02-23 04:58,Платная
165,Metro Exodus,"0,00","0,00",?,0 из 68,Никогда,Платная
166,Metro Exodus Enhanced Edition,"0,00","0,00",?,0 из 68,Никогда,Платная
167,Metro: Last Light Redux,"0,00","0,00",?,0 из 49,Никогда,Платная
168,Middle-earth™: Shadow of Mordor™,"0,00","0,00",?,0 из 74,Никогда,Платная
169,Middle-earth™: Shadow of War™,"0,00","0,00",?,0 из 72,Никогда,Платная
170,Minion Masters,"0,00","0,00",?,0 из 38,Никогда,Платная
171,MiSide,"9,08","545,00",?,10 из 26,2026-02-12 22:05,Платная
172,Moonlighter,"0,00","0,00",?,0 из 67,Никогда,Платная
173,MURDERED: SOUL SUSPECT™,"1,82","109,00",?,12 из 48,2020-01-08 23:50,Платная
174,Need for Speed™,"15,57","934,00",?,14 из 45,2024-02-24 19:34,Платная
175,Need for Speed™ Heat ,"0,40","24,00",?,1 из 42,2026-01-01 02:22,Платная
176,NieR:Automata™,"0,00","0,00",?,0 из 47,Никогда,Платная
177,No Man's Sky,"5,58","335,00",?,1 из 27,2025-10-21 22:34,Платная
178,Nocturnal,"0,00","0,00",?,0 из 11,Никогда,Платная
179,Octodad: Dadliest Catch,"0,00","0,00",?,0 из 32,Никогда,Платная
180,Ori and the Blind Forest,"0,00","0,00",?,0 из 50,Никогда,Платная
181,Ori and the Blind Forest: Definitive Edition,"0,00","0,00",?,0 из 57,Никогда,Платная
182,Orwell,"0,00","0,00",?,0 из 27,Никогда,Платная
183,Osiris: New Dawn,"1,10","66,00",?,0 из 0,2018-02-28 03:29,Платная
184,Outlast,"0,00","0,00",?,0 из 14,Никогда,Платная
185,Overlord II,"0,00","0,00",?,0 из 0,Никогда,Платная
186,Palia,"12,08","725,00",?,0 из 52,2025-02-24 16:26,Платная
187,Path of Exile,"5,73","344,00",?,2 из 127,2017-09-09 01:24,Платная
188,PAYDAY 2,"0,00","0,00",?,0 из 1328,Никогда,Платная
189,Plague Inc: Evolved,"0,58","35,00",?,8 из 250,2020-05-04 15:59,Платная
190,Polyball,"0,00","0,00",?,0 из 33,Никогда,Платная
191,Portal,"0,00","0,00",?,0 из 15,Никогда,Платная
192,Portal 2,"0,00","0,00",?,0 из 51,Никогда,Платная
193,Prey,"1,67","100,00",?,1 из 58,2019-09-19 05:11,Платная
194,Project Mercury,"0,00","0,00",?,0 из 3,Никогда,Платная
195,PUBG: BATTLEGROUNDS,"173,25","10395,00",?,19 из 37,2026-08-17 22:02,Платная
196,Quake Champions,"0,13","8,00",?,0 из 52,2018-08-13 03:16,Платная
197,Quantum Break,"0,27","16,00",?,0 из 42,2024-10-17 21:46,Платная
198,RAGE 2,"1,23","74,00",?,0 из 64,2019-09-23 18:16,Платная
199,Ranch Simulator,"0,00","0,00",?,0 из 39,Никогда,Платная
200,ReCore: Definitive Edition,"0,57","34,00",?,6 из 73,2026-02-18 18:25,Платная
201,Regions Of Ruin,"0,00","0,00",?,0 из 20,Никогда,Платная
202,Remember Me,"14,15","849,00",?,16 из 50,2019-04-23 04:32,Платная
203,Remothered: Tormented Fathers,"0,02","1,00",?,0 из 10,2024-10-25 22:07,Платная
204,Resident Evil 2,"34,42","2065,00",?,24 из 44,2019-08-20 16:06,Платная
205,Resident Evil 3,"17,67","1060,00",?,20 из 32,2026-03-17 02:57,Платная
206,Resident Evil 4,"41,55","2493,00",?,23 из 46,2026-03-02 05:15,Платная
207,Resident Evil 4 (2005),"1,07","64,00",?,0 из 12,2018-08-20 01:57,Платная
208,Resident Evil 5,"0,00","0,00",?,0 из 70,Никогда,Платная
209,Resident Evil 6,"0,00","0,00",?,0 из 70,Никогда,Платная
210,Resident Evil 7 Biohazard,"2,82","169,00",?,11 из 58,2026-05-25 01:39,Платная
211,Resident Evil 7 Teaser: Beginning Hour,"1,03","62,00",?,0 из 0,2017-09-28 02:31,Платная
212,Resident Evil Requiem,"114,45","6867,00",?,49 из 49,2026-05-19 04:10,Платная
213,RESIDENT EVIL RESISTANCE,"0,00","0,00",?,0 из 51,Никогда,Платная
214,Resident Evil Revelations 2,"0,00","0,00",?,0 из 43,Никогда,Платная
215,Resident Evil Village,"0,00","0,00",?,0 из 56,Никогда,Платная
216,ReStory: Chill Electronics Repairs,"0,00","0,00",?,0 из 50,Никогда,Платная
217,Rise of the Tomb Raider,"0,65","39,00",?,0 из 143,2019-08-26 08:08,Платная
218,Rogue Trooper Redux,"0,25","15,00",?,0 из 33,2019-08-29 04:54,Платная
219,Ryse: Son of Rome,"0,00","0,00",?,0 из 73,Никогда,Платная
220,S.T.A.L.K.E.R.: Call of Pripyat,"0,40","24,00",?,0 из 0,2017-06-03 19:54,Платная
221,S.T.A.L.K.E.R.: Call of Prypiat - Enhanced Edition,"0,00","0,00",?,0 из 47,Никогда,Платная
222,Saints Row IV,"0,00","0,00",?,0 из 73,Никогда,Платная
223,Sanctum 2,"0,00","0,00",?,0 из 50,Никогда,Платная
224,See No Evil,"0,00","0,00",?,0 из 19,Никогда,Платная
225,Sex of Thrones 👑 Prologue,"6,47","388,00",?,0 из 0,2024-12-17 05:13,Платная
226,Shadow of the Tomb Raider,"1,63","98,00",?,0 из 99,2019-11-05 06:42,Платная
227,Shadow Warrior,"0,00","0,00",?,0 из 92,Никогда,Платная
228,Sifu,"0,00","0,00",?,0 из 61,Никогда,Платная
229,Simple Story - Alex,"0,00","0,00",?,0 из 8,Никогда,Платная
230,Slap City,"2,08","125,00",?,0 из 0,2018-08-23 01:19,Платная
231,Sleeping Dogs: Definitive Edition,"7,27","436,00",?,5 из 59,2018-09-22 03:56,Платная
232,Sniper Elite 4,"0,00","0,00",?,0 из 85,Никогда,Платная
233,SOMA,"0,00","0,00",?,0 из 10,Никогда,Платная
234,Spec Ops: The Line,"1,38","83,00",?,5 из 50,2018-09-27 02:04,Платная
235,Spiritfarer®: Farewell Edition,"0,00","0,00",?,0 из 39,Никогда,Платная
236,STAR WARS™ Knights of the Old Republic™ II: The Sith Lords™,"1,93","116,00",?,2 из 57,2019-05-05 18:05,Платная
237,Steelrising,"0,45","27,00",?,0 из 55,2025-12-08 03:54,Платная
238,Stray,"1,75","105,00",?,2 из 24,2025-11-15 02:59,Платная
239,Styx: Master of Shadows,"0,00","0,00",?,0 из 33,Никогда,Платная
240,Styx: Shards of Darkness,"0,00","0,00",?,0 из 38,Никогда,Платная
241,Subnautica,"6,37","382,00",?,0 из 17,2017-07-11 04:02,Платная
242,Subnautica: Below Zero,"0,00","0,00",?,0 из 13,Никогда,Платная
243,Super Meat Boy,"0,00","0,00",?,0 из 48,Никогда,Платная
244,Surgeon Simulator,"0,17","10,00",?,3 из 123,2019-01-04 09:03,Платная
245,Team Fortress 2,"0,00","0,00",?,0 из 520,Никогда,Платная
246,Teenage Mutant Ninja Turtles: Shredder's Revenge,"0,55","33,00",?,3 из 30,2025-11-21 20:08,Платная
247,TEKKEN 7,"54,27","3256,00",?,40 из 42,2024-06-03 22:10,Платная
248,Terraria,"0,37","22,00",?,2 из 137,2019-12-25 21:30,Платная
249,The Alters,"0,00","0,00",?,0 из 63,Никогда,Платная
250,The Amazing Spider-Man,"0,00","0,00",?,0 из 46,Никогда,Платная
251,The Amazing Spider-Man 2,"0,00","0,00",?,0 из 46,Никогда,Платная
252,The Binding of Isaac,"0,00","0,00",?,0 из 99,Никогда,Платная
253,The Blackout Club,"0,00","0,00",?,0 из 14,Никогда,Платная
254,The Bureau: XCOM Declassified,"0,00","0,00",?,0 из 41,Никогда,Платная
255,The Callisto Protocol,"0,00","0,00",?,0 из 46,Никогда,Платная
256,The Crew 2,"0,00","0,00",?,0 из 34,Никогда,Платная
257,The Evil Within 2,"0,00","0,00",?,0 из 51,Никогда,Платная
258,The Fidelio Incident,"0,00","0,00",?,0 из 14,Никогда,Платная
259,The First Descendant,"1,85","111,00",?,2 из 24,2024-07-16 21:44,Платная
260,The Forest,"1,30","78,00",?,0 из 45,2020-01-29 01:48,Платная
261,The Incredible Adventures of Van Helsing,"0,00","0,00",?,0 из 95,Никогда,Платная
262,The Incredible Adventures of Van Helsing II,"0,00","0,00",?,0 из 63,Никогда,Платная
263,The Incredible Adventures of Van Helsing III,"0,00","0,00",?,0 из 61,Никогда,Платная
264,The Incredible Adventures of Van Helsing: Final Cut,"0,00","0,00",?,0 из 50,Никогда,Платная
265,The Long Dark,"16,25","975,00",?,5 из 87,2019-03-27 06:26,Платная
266,The Mean Greens - Plastic Warfare,"0,00","0,00",?,0 из 24,Никогда,Платная
267,The Red Solstice,"0,00","0,00",?,0 из 73,Никогда,Платная
268,The Talos Principle,"0,00","0,00",?,0 из 40,Никогда,Платная
269,The Vagrant,"0,40","24,00",?,0 из 40,2019-08-25 04:33,Платная
270,The Witcher 2: Assassins of Kings Enhanced Edition,"1,75","105,00",?,1 из 52,2018-11-11 13:44,Платная
271,The Witcher 3: Wild Hunt,"14,20","852,00",?,4 из 78,2025-12-03 20:42,Платная
272,The Witcher: Enhanced Edition,"0,00","0,00",?,0 из 0,Никогда,Платная
273,Thief,"0,00","0,00",?,0 из 37,Никогда,Платная
274,This War of Mine,"15,52","931,00",?,12 из 59,2025-01-16 18:38,Платная
275,Tiny Glade,"1,02","61,00",?,0 из 0,2024-10-20 15:36,Платная
276,Titan Quest Anniversary Edition,"53,68","3221,00",?,25 из 115,2017-07-06 08:22,Платная
277,To the Moon,"0,00","0,00",?,0 из 1,Никогда,Платная
278,Tom Clancy's The Division 2,"251,17","15070,00",?,49 из 67,2026-08-11 21:43,Платная
279,Tom Clancy's The Division Trial,"147,15","8829,00",?,0 из 0,2019-03-30 02:09,Платная
280,Tomb Raider,"2,65","159,00",?,1 из 50,2019-11-05 06:36,Платная
281,Transistor,"10,48","629,00",?,13 из 33,2018-02-08 19:57,Платная
282,Ultimate Zombie Defense,"0,00","0,00",?,0 из 12,Никогда,Платная
283,UNCHARTED™: Legacy of Thieves Collection,"0,00","0,00",?,0 из 101,Никогда,Платная
284,UNLOVED,"0,00","0,00",?,0 из 95,Никогда,Платная
285,Valheim,"0,00","0,00",?,0 из 0,Никогда,Платная
286,Viscera Cleanup Detail: Shadow Warrior,"0,00","0,00",?,0 из 2,Никогда,Платная
287,VRChat,"1,17","70,00",?,0 из 0,2026-02-16 00:00,Платная
288,Wallpaper Engine,"1,93","116,00",?,2 из 17,2026-06-16 18:41,Платная
289,Warframe,"10,73","644,00",?,34 из 193,2018-04-07 15:29,Платная
290,"Warhammer 40,000: Dawn of War - Anniversary Edition ","0,00","0,00",?,0 из 0,Никогда,Платная
291,"Warhammer 40,000: Dawn of War - Dark Crusade","0,00","0,00",?,0 из 0,Никогда,Платная
292,"Warhammer 40,000: Dawn of War - Soulstorm","0,00","0,00",?,0 из 0,Никогда,Платная
293,"Warhammer 40,000: Dawn of War - Winter Assault","0,00","0,00",?,0 из 0,Никогда,Платная
294,"Warhammer 40,000: Dawn of War II - Anniversary Edition","0,00","0,00",?,0 из 73,Никогда,Платная
295,"Warhammer 40,000: Dawn of War II - Chaos Rising","18,07","1084,00",?,7 из 73,2017-04-24 08:14,Платная
296,"Warhammer 40,000: Dawn of War II - Retribution","0,00","0,00",?,0 из 77,Никогда,Платная
297,"Warhammer 40,000: Gladius - Relics of War","0,10","6,00",?,1 из 166,2024-02-04 19:33,Платная
298,Warhammer: Vermintide 2,"0,00","0,00",?,0 из 26,Никогда,Платная
299,Watch_Dogs 2,"0,00","0,00",?,0 из 55,Никогда,Платная
300,What Remains of Edith Finch,"7,00","420,00",?,4 из 9,2018-01-10 09:09,Платная
301,Wolfenstein II: The New Colossus,"0,10","6,00",?,1 из 80,2019-01-16 23:08,Платная
302,Wolfenstein: The New Order,"4,07","244,00",?,11 из 50,2020-04-17 06:19,Платная
303,Wolfenstein: The Old Blood ,"0,00","0,00",?,0 из 50,Никогда,Платная
304,World of Tanks: HEAT Closed Beta,"0,00","0,00",?,0 из 0,Никогда,Платная
305,Wuthering Waves,"54,22","3253,00",?,0 из 0,2026-08-01 22:02,Платная
306,Zenless Zone Zero,"3,58","215,00",?,0 из 0,2026-08-18 13:29,Платная
